<?xml version="1.0" encoding="utf-8"?>
<!--
- phpMyAdmin XML Dump
- version 4.0.10.7
- http://www.phpmyadmin.net
-
- Host: localhost
- Generation Time: Feb 24, 2015 at 06:04 AM
- Server version: 5.5.42-cll
- PHP Version: 5.4.23
-->

<pma_xml_export version="1.0" xmlns:pma="http://www.phpmyadmin.net/some_doc_url/">
    <!--
    - Structure schemas
    -->
    <pma:structure_schemas>
        <pma:database name="mradsens_res" collation="latin1_swedish_ci" charset="latin1">
            <pma:table name="Thirdyr">
                CREATE TABLE `Thirdyr` (
                  `Regno` int(40) NOT NULL,
                  `Name` varchar(40) NOT NULL,
                  `CS2301` varchar(40) NOT NULL,
                  `CS2302` varchar(40) NOT NULL,
                  `CS2303` varchar(40) NOT NULL,
                  `CS2304` varchar(40) NOT NULL,
                  `CS2305` varchar(40) NOT NULL,
                  `CS2307` varchar(40) NOT NULL,
                  `CS2308` varchar(40) NOT NULL,
                  `CS2309` varchar(40) NOT NULL,
                  `MA2265` varchar(40) NOT NULL,
                  PRIMARY KEY (`Regno`)
                ) ENGINE=InnoDB DEFAULT CHARSET=latin1;
            </pma:table>
        </pma:database>
    </pma:structure_schemas>

    <!--
    - Database: 'mradsens_res'
    -->
    <database name="mradsens_res">
        <!-- Table Thirdyr -->
        <table name="Thirdyr">
            <column name="Regno">1</column>
            <column name="Name">AARTHI C</column>
            <column name="CS2301">C</column>
            <column name="CS2302">U</column>
            <column name="CS2303">E</column>
            <column name="CS2304">C</column>
            <column name="CS2305">C</column>
            <column name="CS2307">A</column>
            <column name="CS2308">A</column>
            <column name="CS2309">S</column>
            <column name="MA2265">E</column>
        </table>
        <table name="Thirdyr">
            <column name="Regno">2</column>
            <column name="Name">AISHWARYA R</column>
            <column name="CS2301">C</column>
            <column name="CS2302">U</column>
            <column name="CS2303">E</column>
            <column name="CS2304">C</column>
            <column name="CS2305">B</column>
            <column name="CS2307">A</column>
            <column name="CS2308">S</column>
            <column name="CS2309">S</column>
            <column name="MA2265">E</column>
        </table>
        <table name="Thirdyr">
            <column name="Regno">3</column>
            <column name="Name">AISHWARYA S</column>
            <column name="CS2301">C</column>
            <column name="CS2302">E</column>
            <column name="CS2303">U</column>
            <column name="CS2304">D</column>
            <column name="CS2305">A</column>
            <column name="CS2307">A</column>
            <column name="CS2308">A</column>
            <column name="CS2309">A</column>
            <column name="MA2265">D</column>
        </table>
        <table name="Thirdyr">
            <column name="Regno">4</column>
            <column name="Name">AJAY U</column>
            <column name="CS2301">C</column>
            <column name="CS2302">U</column>
            <column name="CS2303">E</column>
            <column name="CS2304">E</column>
            <column name="CS2305">B</column>
            <column name="CS2307">C</column>
            <column name="CS2308">A</column>
            <column name="CS2309">A</column>
            <column name="MA2265">E</column>
        </table>
        <table name="Thirdyr">
            <column name="Regno">5</column>
            <column name="Name">AKSHAYA G</column>
            <column name="CS2301">C</column>
            <column name="CS2302">U</column>
            <column name="CS2303">E</column>
            <column name="CS2304">D</column>
            <column name="CS2305">C</column>
            <column name="CS2307">A</column>
            <column name="CS2308">A</column>
            <column name="CS2309">S</column>
            <column name="MA2265">E</column>
        </table>
        <table name="Thirdyr">
            <column name="Regno">6</column>
            <column name="Name">ANJANA B</column>
            <column name="CS2301">C</column>
            <column name="CS2302">D</column>
            <column name="CS2303">C</column>
            <column name="CS2304">C</column>
            <column name="CS2305">C</column>
            <column name="CS2307">A</column>
            <column name="CS2308">A</column>
            <column name="CS2309">S</column>
            <column name="MA2265">E</column>
        </table>
        <table name="Thirdyr">
            <column name="Regno">7</column>
            <column name="Name">ARCHANADEVI K</column>
            <column name="CS2301">C</column>
            <column name="CS2302">C</column>
            <column name="CS2303">C</column>
            <column name="CS2304">C</column>
            <column name="CS2305">B</column>
            <column name="CS2307">S</column>
            <column name="CS2308">S</column>
            <column name="CS2309">S</column>
            <column name="MA2265">C</column>
        </table>
        <table name="Thirdyr">
            <column name="Regno">8</column>
            <column name="Name">ARUN M</column>
            <column name="CS2301">E</column>
            <column name="CS2302">E</column>
            <column name="CS2303">E</column>
            <column name="CS2304">C</column>
            <column name="CS2305">C</column>
            <column name="CS2307">S</column>
            <column name="CS2308">A</column>
            <column name="CS2309">S</column>
            <column name="MA2265">U</column>
        </table>
        <table name="Thirdyr">
            <column name="Regno">9</column>
            <column name="Name">ARUN KUMAR S</column>
            <column name="CS2301">C</column>
            <column name="CS2302">C</column>
            <column name="CS2303">C</column>
            <column name="CS2304">C</column>
            <column name="CS2305">C</column>
            <column name="CS2307">S</column>
            <column name="CS2308">S</column>
            <column name="CS2309">S</column>
            <column name="MA2265">D</column>
        </table>
        <table name="Thirdyr">
            <column name="Regno">10</column>
            <column name="Name">ARVIND KUMAR K</column>
            <column name="CS2301">U</column>
            <column name="CS2302">U</column>
            <column name="CS2303">E</column>
            <column name="CS2304">U</column>
            <column name="CS2305">C</column>
            <column name="CS2307">B</column>
            <column name="CS2308">A</column>
            <column name="CS2309">A</column>
            <column name="MA2265">E</column>
        </table>
        <table name="Thirdyr">
            <column name="Regno">11</column>
            <column name="Name">ASHMIT KOLLI</column>
            <column name="CS2301">U</column>
            <column name="CS2302">U</column>
            <column name="CS2303">E</column>
            <column name="CS2304">UA</column>
            <column name="CS2305">U</column>
            <column name="CS2307">C</column>
            <column name="CS2308">A</column>
            <column name="CS2309">B</column>
            <column name="MA2265">U</column>
        </table>
        <table name="Thirdyr">
            <column name="Regno">12</column>
            <column name="Name">BAKIYALAKSHMI T</column>
            <column name="CS2301">B</column>
            <column name="CS2302">C</column>
            <column name="CS2303">C</column>
            <column name="CS2304">C</column>
            <column name="CS2305">C</column>
            <column name="CS2307">S</column>
            <column name="CS2308">S</column>
            <column name="CS2309">S</column>
            <column name="MA2265">C</column>
        </table>
        <table name="Thirdyr">
            <column name="Regno">13</column>
            <column name="Name">CHARUMATHY M</column>
            <column name="CS2301">B</column>
            <column name="CS2302">C</column>
            <column name="CS2303">C</column>
            <column name="CS2304">C</column>
            <column name="CS2305">B</column>
            <column name="CS2307">A</column>
            <column name="CS2308">S</column>
            <column name="CS2309">S</column>
            <column name="MA2265">B</column>
        </table>
        <table name="Thirdyr">
            <column name="Regno">14</column>
            <column name="Name">CHAVA ABHISHEK</column>
            <column name="CS2301">U</column>
            <column name="CS2302">U</column>
            <column name="CS2303">U</column>
            <column name="CS2304">U</column>
            <column name="CS2305">U</column>
            <column name="CS2307">C</column>
            <column name="CS2308">A</column>
            <column name="CS2309">B</column>
            <column name="MA2265">U</column>
        </table>
        <table name="Thirdyr">
            <column name="Regno">15</column>
            <column name="Name">DEVI V</column>
            <column name="CS2301">C</column>
            <column name="CS2302">C</column>
            <column name="CS2303">D</column>
            <column name="CS2304">C</column>
            <column name="CS2305">B</column>
            <column name="CS2307">A</column>
            <column name="CS2308">S</column>
            <column name="CS2309">S</column>
            <column name="MA2265">E</column>
        </table>
        <table name="Thirdyr">
            <column name="Regno">16</column>
            <column name="Name">DHARAN B</column>
            <column name="CS2301">U</column>
            <column name="CS2302">U</column>
            <column name="CS2303">U</column>
            <column name="CS2304">E</column>
            <column name="CS2305">E</column>
            <column name="CS2307">B</column>
            <column name="CS2308">A</column>
            <column name="CS2309">B</column>
            <column name="MA2265">E</column>
        </table>
        <table name="Thirdyr">
            <column name="Regno">17</column>
            <column name="Name">DHARINI N</column>
            <column name="CS2301">C</column>
            <column name="CS2302">C</column>
            <column name="CS2303">C</column>
            <column name="CS2304">B</column>
            <column name="CS2305">B</column>
            <column name="CS2307">S</column>
            <column name="CS2308">S</column>
            <column name="CS2309">S</column>
            <column name="MA2265">B</column>
        </table>
        <table name="Thirdyr">
            <column name="Regno">18</column>
            <column name="Name">DHAVNESH PRABHU K</column>
            <column name="CS2301">E</column>
            <column name="CS2302">U</column>
            <column name="CS2303">D</column>
            <column name="CS2304">D</column>
            <column name="CS2305">C</column>
            <column name="CS2307">C</column>
            <column name="CS2308">A</column>
            <column name="CS2309">B</column>
            <column name="MA2265">E</column>
        </table>
        <table name="Thirdyr">
            <column name="Regno">19</column>
            <column name="Name">DINESH KUMAR S</column>
            <column name="CS2301">U</column>
            <column name="CS2302">U</column>
            <column name="CS2303">U</column>
            <column name="CS2304">U</column>
            <column name="CS2305">U</column>
            <column name="CS2307">B</column>
            <column name="CS2308">A</column>
            <column name="CS2309">A</column>
            <column name="MA2265">U</column>
        </table>
        <table name="Thirdyr">
            <column name="Regno">21</column>
            <column name="Name">DINESH KUMAR S</column>
            <column name="CS2301">U</column>
            <column name="CS2302">U</column>
            <column name="CS2303">E</column>
            <column name="CS2304">D</column>
            <column name="CS2305">D</column>
            <column name="CS2307">C</column>
            <column name="CS2308">A</column>
            <column name="CS2309">A</column>
            <column name="MA2265">E</column>
        </table>
        <table name="Thirdyr">
            <column name="Regno">23</column>
            <column name="Name">DINESH KUMAR V</column>
            <column name="CS2301">D</column>
            <column name="CS2302">C</column>
            <column name="CS2303">C</column>
            <column name="CS2304">A</column>
            <column name="CS2305">C</column>
            <column name="CS2307">A</column>
            <column name="CS2308">S</column>
            <column name="CS2309">S</column>
            <column name="MA2265">E</column>
        </table>
        <table name="Thirdyr">
            <column name="Regno">24</column>
            <column name="Name">DIVYA A</column>
            <column name="CS2301">C</column>
            <column name="CS2302">D</column>
            <column name="CS2303">C</column>
            <column name="CS2304">B</column>
            <column name="CS2305">B</column>
            <column name="CS2307">S</column>
            <column name="CS2308">A</column>
            <column name="CS2309">S</column>
            <column name="MA2265">E</column>
        </table>
        <table name="Thirdyr">
            <column name="Regno">25</column>
            <column name="Name">DIVYA BHARATHI K</column>
            <column name="CS2301">B</column>
            <column name="CS2302">E</column>
            <column name="CS2303">D</column>
            <column name="CS2304">B</column>
            <column name="CS2305">C</column>
            <column name="CS2307">S</column>
            <column name="CS2308">S</column>
            <column name="CS2309">S</column>
            <column name="MA2265">U</column>
        </table>
        <table name="Thirdyr">
            <column name="Regno">26</column>
            <column name="Name">DIVYA BHARATHI R</column>
            <column name="CS2301">E</column>
            <column name="CS2302">E</column>
            <column name="CS2303">C</column>
            <column name="CS2304">U</column>
            <column name="CS2305">C</column>
            <column name="CS2307">A</column>
            <column name="CS2308">S</column>
            <column name="CS2309">S</column>
            <column name="MA2265">E</column>
        </table>
        <table name="Thirdyr">
            <column name="Regno">27</column>
            <column name="Name">DURGA CHARAN A</column>
            <column name="CS2301">U</column>
            <column name="CS2302">U</column>
            <column name="CS2303">E</column>
            <column name="CS2304">U</column>
            <column name="CS2305">D</column>
            <column name="CS2307">C</column>
            <column name="CS2308">A</column>
            <column name="CS2309">A</column>
            <column name="MA2265">E</column>
        </table>
        <table name="Thirdyr">
            <column name="Regno">28</column>
            <column name="Name">GANDAVARAPU HARSHA</column>
            <column name="CS2301">C</column>
            <column name="CS2302">E</column>
            <column name="CS2303">E</column>
            <column name="CS2304">C</column>
            <column name="CS2305">C</column>
            <column name="CS2307">B</column>
            <column name="CS2308">A</column>
            <column name="CS2309">A</column>
            <column name="MA2265">E</column>
        </table>
        <table name="Thirdyr">
            <column name="Regno">29</column>
            <column name="Name">VARDHAN</column>
            <column name="CS2301"></column>
            <column name="CS2302"></column>
            <column name="CS2303"></column>
            <column name="CS2304"></column>
            <column name="CS2305"></column>
            <column name="CS2307"></column>
            <column name="CS2308"></column>
            <column name="CS2309"></column>
            <column name="MA2265"></column>
        </table>
        <table name="Thirdyr">
            <column name="Regno">30</column>
            <column name="Name">GANESH BABU M</column>
            <column name="CS2301">C</column>
            <column name="CS2302">D</column>
            <column name="CS2303">E</column>
            <column name="CS2304">D</column>
            <column name="CS2305">B</column>
            <column name="CS2307">S</column>
            <column name="CS2308">S</column>
            <column name="CS2309">S</column>
            <column name="MA2265">E</column>
        </table>
        <table name="Thirdyr">
            <column name="Regno">31</column>
            <column name="Name">GAYATHRI K</column>
            <column name="CS2301">C</column>
            <column name="CS2302">E</column>
            <column name="CS2303">C</column>
            <column name="CS2304">B</column>
            <column name="CS2305">D</column>
            <column name="CS2307">A</column>
            <column name="CS2308">A</column>
            <column name="CS2309">S</column>
            <column name="MA2265">E</column>
        </table>
        <table name="Thirdyr">
            <column name="Regno">32</column>
            <column name="Name">GEEVETHA J</column>
            <column name="CS2301">C</column>
            <column name="CS2302">D</column>
            <column name="CS2303">C</column>
            <column name="CS2304">C</column>
            <column name="CS2305">C</column>
            <column name="CS2307">S</column>
            <column name="CS2308">A</column>
            <column name="CS2309">S</column>
            <column name="MA2265">E</column>
        </table>
        <table name="Thirdyr">
            <column name="Regno">33</column>
            <column name="Name">GOPIKRISHNA R</column>
            <column name="CS2301">D</column>
            <column name="CS2302">D</column>
            <column name="CS2303">D</column>
            <column name="CS2304">C</column>
            <column name="CS2305">C</column>
            <column name="CS2307">C</column>
            <column name="CS2308">A</column>
            <column name="CS2309">A</column>
            <column name="MA2265">E</column>
        </table>
        <table name="Thirdyr">
            <column name="Regno">34</column>
            <column name="Name">HARISH KANTH G S</column>
            <column name="CS2301">D</column>
            <column name="CS2302">E</column>
            <column name="CS2303">C</column>
            <column name="CS2304">E</column>
            <column name="CS2305">D</column>
            <column name="CS2307">S</column>
            <column name="CS2308">S</column>
            <column name="CS2309">S</column>
            <column name="MA2265">C</column>
        </table>
        <table name="Thirdyr">
            <column name="Regno">35</column>
            <column name="Name">HEMASHRIVARSHINI A</column>
            <column name="CS2301">C</column>
            <column name="CS2302">C</column>
            <column name="CS2303">B</column>
            <column name="CS2304">B</column>
            <column name="CS2305">A</column>
            <column name="CS2307">A</column>
            <column name="CS2308">A</column>
            <column name="CS2309">S</column>
            <column name="MA2265">C</column>
        </table>
        <table name="Thirdyr">
            <column name="Regno">36</column>
            <column name="Name">INDHUJA V</column>
            <column name="CS2301">C</column>
            <column name="CS2302">C</column>
            <column name="CS2303">E</column>
            <column name="CS2304">C</column>
            <column name="CS2305">D</column>
            <column name="CS2307">A</column>
            <column name="CS2308">A</column>
            <column name="CS2309">S</column>
            <column name="MA2265">E</column>
        </table>
        <table name="Thirdyr">
            <column name="Regno">37</column>
            <column name="Name">IRUDAYARAJASEKAR S</column>
            <column name="CS2301">C</column>
            <column name="CS2302">E</column>
            <column name="CS2303">E</column>
            <column name="CS2304">E</column>
            <column name="CS2305">C</column>
            <column name="CS2307">B</column>
            <column name="CS2308">S</column>
            <column name="CS2309">S</column>
            <column name="MA2265">U</column>
        </table>
        <table name="Thirdyr">
            <column name="Regno">38</column>
            <column name="Name">JAMUNARANI K</column>
            <column name="CS2301">C</column>
            <column name="CS2302">D</column>
            <column name="CS2303">D</column>
            <column name="CS2304">C</column>
            <column name="CS2305">B</column>
            <column name="CS2307">S</column>
            <column name="CS2308">S</column>
            <column name="CS2309">S</column>
            <column name="MA2265">E</column>
        </table>
        <table name="Thirdyr">
            <column name="Regno">39</column>
            <column name="Name">JAYA BASKAR A</column>
            <column name="CS2301">D</column>
            <column name="CS2302">D</column>
            <column name="CS2303">D</column>
            <column name="CS2304">B</column>
            <column name="CS2305">A</column>
            <column name="CS2307">S</column>
            <column name="CS2308">S</column>
            <column name="CS2309">S</column>
            <column name="MA2265">B</column>
        </table>
        <table name="Thirdyr">
            <column name="Regno">40</column>
            <column name="Name">JEETENDRA K JAGATHAP</column>
            <column name="CS2301">U</column>
            <column name="CS2302">U</column>
            <column name="CS2303">E</column>
            <column name="CS2304">C</column>
            <column name="CS2305">C</column>
            <column name="CS2307">B</column>
            <column name="CS2308">S</column>
            <column name="CS2309">A</column>
            <column name="MA2265">E</column>
        </table>
        <table name="Thirdyr">
            <column name="Regno">41</column>
            <column name="Name">JERMIN JIJI J</column>
            <column name="CS2301">D</column>
            <column name="CS2302">U</column>
            <column name="CS2303">D</column>
            <column name="CS2304">U</column>
            <column name="CS2305">C</column>
            <column name="CS2307">S</column>
            <column name="CS2308">S</column>
            <column name="CS2309">S</column>
            <column name="MA2265">C</column>
        </table>
        <table name="Thirdyr">
            <column name="Regno">42</column>
            <column name="Name">JOTHILAKSHMI M</column>
            <column name="CS2301">E</column>
            <column name="CS2302">E</column>
            <column name="CS2303">E</column>
            <column name="CS2304">C</column>
            <column name="CS2305">C</column>
            <column name="CS2307">S</column>
            <column name="CS2308">A</column>
            <column name="CS2309">S</column>
            <column name="MA2265">C</column>
        </table>
        <table name="Thirdyr">
            <column name="Regno">43</column>
            <column name="Name">KARTHICK K R</column>
            <column name="CS2301">E</column>
            <column name="CS2302">U</column>
            <column name="CS2303">E</column>
            <column name="CS2304">U</column>
            <column name="CS2305">C</column>
            <column name="CS2307">B</column>
            <column name="CS2308">A</column>
            <column name="CS2309">B</column>
            <column name="MA2265">E</column>
        </table>
        <table name="Thirdyr">
            <column name="Regno">44</column>
            <column name="Name">KEERTHANA R</column>
            <column name="CS2301">C</column>
            <column name="CS2302">U</column>
            <column name="CS2303">C</column>
            <column name="CS2304">C</column>
            <column name="CS2305">C</column>
            <column name="CS2307">A</column>
            <column name="CS2308">A</column>
            <column name="CS2309">S</column>
            <column name="MA2265">D</column>
        </table>
        <table name="Thirdyr">
            <column name="Regno">45</column>
            <column name="Name">KEERTHI B</column>
            <column name="CS2301">B</column>
            <column name="CS2302">B</column>
            <column name="CS2303">B</column>
            <column name="CS2304">A</column>
            <column name="CS2305">C</column>
            <column name="CS2307">S</column>
            <column name="CS2308">S</column>
            <column name="CS2309">S</column>
            <column name="MA2265">B</column>
        </table>
        <table name="Thirdyr">
            <column name="Regno">46</column>
            <column name="Name">KISHEN S</column>
            <column name="CS2301">E</column>
            <column name="CS2302">E</column>
            <column name="CS2303">E</column>
            <column name="CS2304">C</column>
            <column name="CS2305">C</column>
            <column name="CS2307">A</column>
            <column name="CS2308">S</column>
            <column name="CS2309">S</column>
            <column name="MA2265">E</column>
        </table>
        <table name="Thirdyr">
            <column name="Regno">47</column>
            <column name="Name">KISHORE KUMAR R</column>
            <column name="CS2301">U</column>
            <column name="CS2302">U</column>
            <column name="CS2303">E</column>
            <column name="CS2304">E</column>
            <column name="CS2305">U</column>
            <column name="CS2307">C</column>
            <column name="CS2308">A</column>
            <column name="CS2309">B</column>
            <column name="MA2265">E</column>
        </table>
        <table name="Thirdyr">
            <column name="Regno">48</column>
            <column name="Name">KOTHA SAIYESHWANTH</column>
            <column name="CS2301">U</column>
            <column name="CS2302">U</column>
            <column name="CS2303">U</column>
            <column name="CS2304">U</column>
            <column name="CS2305">U</column>
            <column name="CS2307">C</column>
            <column name="CS2308">B</column>
            <column name="CS2309">B</column>
            <column name="MA2265">U</column>
        </table>
        <table name="Thirdyr">
            <column name="Regno">49</column>
            <column name="Name">LAKSHMIPRIYA P</column>
            <column name="CS2301">B</column>
            <column name="CS2302">B</column>
            <column name="CS2303">B</column>
            <column name="CS2304">A</column>
            <column name="CS2305">C</column>
            <column name="CS2307">S</column>
            <column name="CS2308">S</column>
            <column name="CS2309">S</column>
            <column name="MA2265">D</column>
        </table>
        <table name="Thirdyr">
            <column name="Regno">50</column>
            <column name="Name">LOGESHWARI P</column>
            <column name="CS2301">E</column>
            <column name="CS2302">C</column>
            <column name="CS2303">D</column>
            <column name="CS2304">B</column>
            <column name="CS2305">E</column>
            <column name="CS2307">S</column>
            <column name="CS2308">A</column>
            <column name="CS2309">S</column>
            <column name="MA2265">C</column>
        </table>
        <table name="Thirdyr">
            <column name="Regno">51</column>
            <column name="Name">MAHALAKSMI A</column>
            <column name="CS2301">B</column>
            <column name="CS2302">C</column>
            <column name="CS2303">C</column>
            <column name="CS2304">A</column>
            <column name="CS2305">A</column>
            <column name="CS2307">S</column>
            <column name="CS2308">S</column>
            <column name="CS2309">S</column>
            <column name="MA2265">C</column>
        </table>
        <table name="Thirdyr">
            <column name="Regno">52</column>
            <column name="Name">MAHESWARI P</column>
            <column name="CS2301">B</column>
            <column name="CS2302">C</column>
            <column name="CS2303">C</column>
            <column name="CS2304">A</column>
            <column name="CS2305">A</column>
            <column name="CS2307">S</column>
            <column name="CS2308">S</column>
            <column name="CS2309">S</column>
            <column name="MA2265">C</column>
        </table>
        <table name="Thirdyr">
            <column name="Regno">53</column>
            <column name="Name">MAIDEEN ASBAK N</column>
            <column name="CS2301">D</column>
            <column name="CS2302">E</column>
            <column name="CS2303">E</column>
            <column name="CS2304">D</column>
            <column name="CS2305">C</column>
            <column name="CS2307">A</column>
            <column name="CS2308">S</column>
            <column name="CS2309">S</column>
            <column name="MA2265">E</column>
        </table>
        <table name="Thirdyr">
            <column name="Regno">54</column>
            <column name="Name">MANISHA J</column>
            <column name="CS2301">C</column>
            <column name="CS2302">C</column>
            <column name="CS2303">C</column>
            <column name="CS2304">B</column>
            <column name="CS2305">B</column>
            <column name="CS2307">S</column>
            <column name="CS2308">S</column>
            <column name="CS2309">S</column>
            <column name="MA2265">B</column>
        </table>
        <table name="Thirdyr">
            <column name="Regno">55</column>
            <column name="Name">MEENA K</column>
            <column name="CS2301">C</column>
            <column name="CS2302">C</column>
            <column name="CS2303">C</column>
            <column name="CS2304">B</column>
            <column name="CS2305">B</column>
            <column name="CS2307">S</column>
            <column name="CS2308">S</column>
            <column name="CS2309">S</column>
            <column name="MA2265">B</column>
        </table>
        <table name="Thirdyr">
            <column name="Regno">56</column>
            <column name="Name">MONICA R U</column>
            <column name="CS2301">C</column>
            <column name="CS2302">E</column>
            <column name="CS2303">C</column>
            <column name="CS2304">B</column>
            <column name="CS2305">B</column>
            <column name="CS2307">S</column>
            <column name="CS2308">S</column>
            <column name="CS2309">S</column>
            <column name="MA2265">C</column>
        </table>
        <table name="Thirdyr">
            <column name="Regno">57</column>
            <column name="Name">MOUNIKA B</column>
            <column name="CS2301">B</column>
            <column name="CS2302">D</column>
            <column name="CS2303">C</column>
            <column name="CS2304">C</column>
            <column name="CS2305">C</column>
            <column name="CS2307">S</column>
            <column name="CS2308">S</column>
            <column name="CS2309">S</column>
            <column name="MA2265">C</column>
        </table>
        <table name="Thirdyr">
            <column name="Regno">58</column>
            <column name="Name">NANDHINI R</column>
            <column name="CS2301">C</column>
            <column name="CS2302">C</column>
            <column name="CS2303">B</column>
            <column name="CS2304">C</column>
            <column name="CS2305">C</column>
            <column name="CS2307">S</column>
            <column name="CS2308">S</column>
            <column name="CS2309">S</column>
            <column name="MA2265">B</column>
        </table>
        <table name="Thirdyr">
            <column name="Regno">59</column>
            <column name="Name">NIRANJAN V</column>
            <column name="CS2301">C</column>
            <column name="CS2302">C</column>
            <column name="CS2303">C</column>
            <column name="CS2304">C</column>
            <column name="CS2305">B</column>
            <column name="CS2307">S</column>
            <column name="CS2308">S</column>
            <column name="CS2309">S</column>
            <column name="MA2265">C</column>
        </table>
        <table name="Thirdyr">
            <column name="Regno">60</column>
            <column name="Name">NIRANJAN KUMAR S</column>
            <column name="CS2301">U</column>
            <column name="CS2302">E</column>
            <column name="CS2303">U</column>
            <column name="CS2304">E</column>
            <column name="CS2305">E</column>
            <column name="CS2307">B</column>
            <column name="CS2308">A</column>
            <column name="CS2309">A</column>
            <column name="MA2265">E</column>
        </table>
        <table name="Thirdyr">
            <column name="Regno">61</column>
            <column name="Name">NISHANTHI G</column>
            <column name="CS2301">C</column>
            <column name="CS2302">C</column>
            <column name="CS2303">D</column>
            <column name="CS2304">D</column>
            <column name="CS2305">B</column>
            <column name="CS2307">S</column>
            <column name="CS2308">S</column>
            <column name="CS2309">S</column>
            <column name="MA2265">C</column>
        </table>
        <table name="Thirdyr">
            <column name="Regno">62</column>
            <column name="Name">PAVITHRA R</column>
            <column name="CS2301">D</column>
            <column name="CS2302">C</column>
            <column name="CS2303">C</column>
            <column name="CS2304">B</column>
            <column name="CS2305">B</column>
            <column name="CS2307">S</column>
            <column name="CS2308">S</column>
            <column name="CS2309">S</column>
            <column name="MA2265">D</column>
        </table>
        <table name="Thirdyr">
            <column name="Regno">63</column>
            <column name="Name">PAVITHRA V</column>
            <column name="CS2301">C</column>
            <column name="CS2302">B</column>
            <column name="CS2303">B</column>
            <column name="CS2304">B</column>
            <column name="CS2305">B</column>
            <column name="CS2307">A</column>
            <column name="CS2308">S</column>
            <column name="CS2309">S</column>
            <column name="MA2265">B</column>
        </table>
        <table name="Thirdyr">
            <column name="Regno">64</column>
            <column name="Name">PERUMAL M D</column>
            <column name="CS2301">C</column>
            <column name="CS2302">D</column>
            <column name="CS2303">C</column>
            <column name="CS2304">A</column>
            <column name="CS2305">C</column>
            <column name="CS2307">S</column>
            <column name="CS2308">S</column>
            <column name="CS2309">S</column>
            <column name="MA2265">A</column>
        </table>
        <table name="Thirdyr">
            <column name="Regno">65</column>
            <column name="Name">POOJA V</column>
            <column name="CS2301">C</column>
            <column name="CS2302">D</column>
            <column name="CS2303">D</column>
            <column name="CS2304">C</column>
            <column name="CS2305">B</column>
            <column name="CS2307">S</column>
            <column name="CS2308">S</column>
            <column name="CS2309">S</column>
            <column name="MA2265">B</column>
        </table>
        <table name="Thirdyr">
            <column name="Regno">66</column>
            <column name="Name">PRASANTH S</column>
            <column name="CS2301">E</column>
            <column name="CS2302">U</column>
            <column name="CS2303">E</column>
            <column name="CS2304">E</column>
            <column name="CS2305">U</column>
            <column name="CS2307">C</column>
            <column name="CS2308">A</column>
            <column name="CS2309">A</column>
            <column name="MA2265">E</column>
        </table>
        <table name="Thirdyr">
            <column name="Regno">67</column>
            <column name="Name">PRASHANTH N S</column>
            <column name="CS2301">E</column>
            <column name="CS2302">E</column>
            <column name="CS2303">E</column>
            <column name="CS2304">E</column>
            <column name="CS2305">E</column>
            <column name="CS2307">B</column>
            <column name="CS2308">A</column>
            <column name="CS2309">A</column>
            <column name="MA2265">E</column>
        </table>
        <table name="Thirdyr">
            <column name="Regno">68</column>
            <column name="Name">PRATHAP P R</column>
            <column name="CS2301">C</column>
            <column name="CS2302">C</column>
            <column name="CS2303">C</column>
            <column name="CS2304">A</column>
            <column name="CS2305">A</column>
            <column name="CS2307">S</column>
            <column name="CS2308">S</column>
            <column name="CS2309">S</column>
            <column name="MA2265">A</column>
        </table>
        <table name="Thirdyr">
            <column name="Regno">69</column>
            <column name="Name">PRAVEEN S (1993-09-12)</column>
            <column name="CS2301">D</column>
            <column name="CS2302">C</column>
            <column name="CS2303">E</column>
            <column name="CS2304">B</column>
            <column name="CS2305">C</column>
            <column name="CS2307">A</column>
            <column name="CS2308">A</column>
            <column name="CS2309">S</column>
            <column name="MA2265">D</column>
        </table>
        <table name="Thirdyr">
            <column name="Regno">70</column>
            <column name="Name">PRAVEEN S (1994-01-04)</column>
            <column name="CS2301">E</column>
            <column name="CS2302">U</column>
            <column name="CS2303">D</column>
            <column name="CS2304">C</column>
            <column name="CS2305">C</column>
            <column name="CS2307">A</column>
            <column name="CS2308">A</column>
            <column name="CS2309">S</column>
            <column name="MA2265">E</column>
        </table>
        <table name="Thirdyr">
            <column name="Regno">71</column>
            <column name="Name">PREETHA M</column>
            <column name="CS2301">C</column>
            <column name="CS2302">C</column>
            <column name="CS2303">E</column>
            <column name="CS2304">B</column>
            <column name="CS2305">C</column>
            <column name="CS2307">S</column>
            <column name="CS2308">S</column>
            <column name="CS2309">S</column>
            <column name="MA2265">C</column>
        </table>
        <table name="Thirdyr">
            <column name="Regno">72</column>
            <column name="Name">PRIYA K</column>
            <column name="CS2301">B</column>
            <column name="CS2302">C</column>
            <column name="CS2303">B</column>
            <column name="CS2304">B</column>
            <column name="CS2305">C</column>
            <column name="CS2307">S</column>
            <column name="CS2308">S</column>
            <column name="CS2309">S</column>
            <column name="MA2265">C</column>
        </table>
        <table name="Thirdyr">
            <column name="Regno">73</column>
            <column name="Name">PRIYADARSHINI R</column>
            <column name="CS2301">C</column>
            <column name="CS2302">D</column>
            <column name="CS2303">C</column>
            <column name="CS2304">C</column>
            <column name="CS2305">C</column>
            <column name="CS2307">S</column>
            <column name="CS2308">S</column>
            <column name="CS2309">S</column>
            <column name="MA2265">B</column>
        </table>
        <table name="Thirdyr">
            <column name="Regno">74</column>
            <column name="Name">PRIYADHARSHINI C</column>
            <column name="CS2301">B</column>
            <column name="CS2302">C</column>
            <column name="CS2303">C</column>
            <column name="CS2304">B</column>
            <column name="CS2305">B</column>
            <column name="CS2307">S</column>
            <column name="CS2308">S</column>
            <column name="CS2309">S</column>
            <column name="MA2265">D</column>
        </table>
        <table name="Thirdyr">
            <column name="Regno">75</column>
            <column name="Name">PRIYADHARSINI S</column>
            <column name="CS2301">B</column>
            <column name="CS2302">D</column>
            <column name="CS2303">C</column>
            <column name="CS2304">B</column>
            <column name="CS2305">B</column>
            <column name="CS2307">S</column>
            <column name="CS2308">S</column>
            <column name="CS2309">S</column>
            <column name="MA2265">B</column>
        </table>
        <table name="Thirdyr">
            <column name="Regno">76</column>
            <column name="Name">PRIYANGA D</column>
            <column name="CS2301">C</column>
            <column name="CS2302">C</column>
            <column name="CS2303">B</column>
            <column name="CS2304">B</column>
            <column name="CS2305">C</column>
            <column name="CS2307">S</column>
            <column name="CS2308">S</column>
            <column name="CS2309">S</column>
            <column name="MA2265">A</column>
        </table>
        <table name="Thirdyr">
            <column name="Regno">77</column>
            <column name="Name">PRIYANKA P</column>
            <column name="CS2301">D</column>
            <column name="CS2302">E</column>
            <column name="CS2303">C</column>
            <column name="CS2304">B</column>
            <column name="CS2305">C</column>
            <column name="CS2307">A</column>
            <column name="CS2308">S</column>
            <column name="CS2309">S</column>
            <column name="MA2265">C</column>
        </table>
        <table name="Thirdyr">
            <column name="Regno">78</column>
            <column name="Name">PUSHPALATHA D</column>
            <column name="CS2301">E</column>
            <column name="CS2302">E</column>
            <column name="CS2303">E</column>
            <column name="CS2304">C</column>
            <column name="CS2305">E</column>
            <column name="CS2307">A</column>
            <column name="CS2308">A</column>
            <column name="CS2309">S</column>
            <column name="MA2265">D</column>
        </table>
        <table name="Thirdyr">
            <column name="Regno">79</column>
            <column name="Name">RADHIKA K</column>
            <column name="CS2301">C</column>
            <column name="CS2302">U</column>
            <column name="CS2303">E</column>
            <column name="CS2304">C</column>
            <column name="CS2305">U</column>
            <column name="CS2307">A</column>
            <column name="CS2308">A</column>
            <column name="CS2309">A</column>
            <column name="MA2265">S</column>
        </table>
        <table name="Thirdyr">
            <column name="Regno">80</column>
            <column name="Name">RAJA LAKSHMI R</column>
            <column name="CS2301">C</column>
            <column name="CS2302">C</column>
            <column name="CS2303">C</column>
            <column name="CS2304">A</column>
            <column name="CS2305">B</column>
            <column name="CS2307">S</column>
            <column name="CS2308">S</column>
            <column name="CS2309">S</column>
            <column name="MA2265">A</column>
        </table>
        <table name="Thirdyr">
            <column name="Regno">81</column>
            <column name="Name">RAMYAA B C C</column>
            <column name="CS2301">C</column>
            <column name="CS2302">C</column>
            <column name="CS2303">C</column>
            <column name="CS2304">A</column>
            <column name="CS2305">B</column>
            <column name="CS2307">S</column>
            <column name="CS2308">S</column>
            <column name="CS2309">S</column>
            <column name="MA2265">D</column>
        </table>
        <table name="Thirdyr">
            <column name="Regno">82</column>
            <column name="Name">RAMYA S</column>
            <column name="CS2301">D</column>
            <column name="CS2302">U</column>
            <column name="CS2303">C</column>
            <column name="CS2304">A</column>
            <column name="CS2305">E</column>
            <column name="CS2307">B</column>
            <column name="CS2308">S</column>
            <column name="CS2309">A</column>
            <column name="MA2265">C</column>
        </table>
        <table name="Thirdyr">
            <column name="Regno">83</column>
            <column name="Name">RATHIGA PRIYA J P</column>
            <column name="CS2301">E</column>
            <column name="CS2302">U</column>
            <column name="CS2303">C</column>
            <column name="CS2304">C</column>
            <column name="CS2305">C</column>
            <column name="CS2307">B</column>
            <column name="CS2308">A</column>
            <column name="CS2309">A</column>
            <column name="MA2265">E</column>
        </table>
        <table name="Thirdyr">
            <column name="Regno">84</column>
            <column name="Name">REVATHI D</column>
            <column name="CS2301">D</column>
            <column name="CS2302">C</column>
            <column name="CS2303">C</column>
            <column name="CS2304">C</column>
            <column name="CS2305">A</column>
            <column name="CS2307">S</column>
            <column name="CS2308">S</column>
            <column name="CS2309">S</column>
            <column name="MA2265">B</column>
        </table>
        <table name="Thirdyr">
            <column name="Regno">85</column>
            <column name="Name">RISHIVANTH P</column>
            <column name="CS2301">U</column>
            <column name="CS2302">U</column>
            <column name="CS2303">E</column>
            <column name="CS2304">U</column>
            <column name="CS2305">U</column>
            <column name="CS2307">B</column>
            <column name="CS2308">A</column>
            <column name="CS2309">A</column>
            <column name="MA2265">E</column>
        </table>
        <table name="Thirdyr">
            <column name="Regno">86</column>
            <column name="Name">RIYA ELIZABETH WILSON</column>
            <column name="CS2301">C</column>
            <column name="CS2302">D</column>
            <column name="CS2303">B</column>
            <column name="CS2304">A</column>
            <column name="CS2305">B</column>
            <column name="CS2307">S</column>
            <column name="CS2308">S</column>
            <column name="CS2309">S</column>
            <column name="MA2265">A</column>
        </table>
        <table name="Thirdyr">
            <column name="Regno">87</column>
            <column name="Name">RIZWAN AHMED A</column>
            <column name="CS2301">C</column>
            <column name="CS2302">B</column>
            <column name="CS2303">B</column>
            <column name="CS2304">S</column>
            <column name="CS2305">B</column>
            <column name="CS2307">S</column>
            <column name="CS2308">S</column>
            <column name="CS2309">S</column>
            <column name="MA2265">B</column>
        </table>
        <table name="Thirdyr">
            <column name="Regno">88</column>
            <column name="Name">ROHIT KUMAR M</column>
            <column name="CS2301">U</column>
            <column name="CS2302">U</column>
            <column name="CS2303">C</column>
            <column name="CS2304">C</column>
            <column name="CS2305">D</column>
            <column name="CS2307">S</column>
            <column name="CS2308">S</column>
            <column name="CS2309">S</column>
            <column name="MA2265">E</column>
        </table>
        <table name="Thirdyr">
            <column name="Regno">89</column>
            <column name="Name">RUBESH S</column>
            <column name="CS2301">E</column>
            <column name="CS2302">U</column>
            <column name="CS2303">U</column>
            <column name="CS2304">U</column>
            <column name="CS2305">U</column>
            <column name="CS2307">C</column>
            <column name="CS2308">A</column>
            <column name="CS2309">S</column>
            <column name="MA2265">U</column>
        </table>
        <table name="Thirdyr">
            <column name="Regno">90</column>
            <column name="Name">SABARISH M</column>
            <column name="CS2301">C</column>
            <column name="CS2302">E</column>
            <column name="CS2303">C</column>
            <column name="CS2304">D</column>
            <column name="CS2305">C</column>
            <column name="CS2307">A</column>
            <column name="CS2308">A</column>
            <column name="CS2309">S</column>
            <column name="MA2265">E</column>
        </table>
        <table name="Thirdyr">
            <column name="Regno">91</column>
            <column name="Name">SAIJAYANTHI N</column>
            <column name="CS2301">C</column>
            <column name="CS2302">U</column>
            <column name="CS2303">E</column>
            <column name="CS2304">C</column>
            <column name="CS2305">B</column>
            <column name="CS2307">B</column>
            <column name="CS2308">A</column>
            <column name="CS2309">S</column>
            <column name="MA2265">E</column>
        </table>
        <table name="Thirdyr">
            <column name="Regno">92</column>
            <column name="Name">SAI KISHORE R</column>
            <column name="CS2301">E</column>
            <column name="CS2302">U</column>
            <column name="CS2303">E</column>
            <column name="CS2304">U</column>
            <column name="CS2305">E</column>
            <column name="CS2307">B</column>
            <column name="CS2308">A</column>
            <column name="CS2309">S</column>
            <column name="MA2265">U</column>
        </table>
        <table name="Thirdyr">
            <column name="Regno">93</column>
            <column name="Name">SAM PRASANNA R</column>
            <column name="CS2301">D</column>
            <column name="CS2302">D</column>
            <column name="CS2303">D</column>
            <column name="CS2304">C</column>
            <column name="CS2305">B</column>
            <column name="CS2307">A</column>
            <column name="CS2308">S</column>
            <column name="CS2309">S</column>
            <column name="MA2265">E</column>
        </table>
        <table name="Thirdyr">
            <column name="Regno">94</column>
            <column name="Name">SANDHIYA N</column>
            <column name="CS2301">U</column>
            <column name="CS2302">U</column>
            <column name="CS2303">E</column>
            <column name="CS2304">C</column>
            <column name="CS2305">D</column>
            <column name="CS2307">A</column>
            <column name="CS2308">A</column>
            <column name="CS2309">S</column>
            <column name="MA2265">E</column>
        </table>
        <table name="Thirdyr">
            <column name="Regno">95</column>
            <column name="Name">SANGAVI S</column>
            <column name="CS2301">B</column>
            <column name="CS2302">C</column>
            <column name="CS2303">C</column>
            <column name="CS2304">B</column>
            <column name="CS2305">B</column>
            <column name="CS2307">S</column>
            <column name="CS2308">S</column>
            <column name="CS2309">S</column>
            <column name="MA2265">C</column>
        </table>
        <table name="Thirdyr">
            <column name="Regno">96</column>
            <column name="Name">SANGAVI V</column>
            <column name="CS2301">A</column>
            <column name="CS2302">C</column>
            <column name="CS2303">C</column>
            <column name="CS2304">B</column>
            <column name="CS2305">B</column>
            <column name="CS2307">S</column>
            <column name="CS2308">S</column>
            <column name="CS2309">S</column>
            <column name="MA2265">C</column>
        </table>
        <table name="Thirdyr">
            <column name="Regno">97</column>
            <column name="Name">SANJANA S S</column>
            <column name="CS2301">C</column>
            <column name="CS2302">E</column>
            <column name="CS2303">E</column>
            <column name="CS2304">B</column>
            <column name="CS2305">C</column>
            <column name="CS2307">B</column>
            <column name="CS2308">A</column>
            <column name="CS2309">S</column>
            <column name="MA2265">C</column>
        </table>
        <table name="Thirdyr">
            <column name="Regno">98</column>
            <column name="Name">SANKAVI D</column>
            <column name="CS2301">C</column>
            <column name="CS2302">E</column>
            <column name="CS2303">C</column>
            <column name="CS2304">C</column>
            <column name="CS2305">D</column>
            <column name="CS2307">B</column>
            <column name="CS2308">A</column>
            <column name="CS2309">S</column>
            <column name="MA2265">C</column>
        </table>
        <table name="Thirdyr">
            <column name="Regno">99</column>
            <column name="Name">SARAN K M</column>
            <column name="CS2301">E</column>
            <column name="CS2302">U</column>
            <column name="CS2303">U</column>
            <column name="CS2304">U</column>
            <column name="CS2305">U</column>
            <column name="CS2307">C</column>
            <column name="CS2308">A</column>
            <column name="CS2309">B</column>
            <column name="MA2265">E</column>
        </table>
        <table name="Thirdyr">
            <column name="Regno">100</column>
            <column name="Name">SATHISH KUMAR S</column>
            <column name="CS2301">C</column>
            <column name="CS2302">B</column>
            <column name="CS2303">B</column>
            <column name="CS2304">B</column>
            <column name="CS2305">B</column>
            <column name="CS2307">S</column>
            <column name="CS2308">S</column>
            <column name="CS2309">S</column>
            <column name="MA2265">B</column>
        </table>
        <table name="Thirdyr">
            <column name="Regno">101</column>
            <column name="Name">SATHYA SAAGAR E</column>
            <column name="CS2301">U</column>
            <column name="CS2302">U</column>
            <column name="CS2303">E</column>
            <column name="CS2304">C</column>
            <column name="CS2305">E</column>
            <column name="CS2307">S</column>
            <column name="CS2308">S</column>
            <column name="CS2309">S</column>
            <column name="MA2265">E</column>
        </table>
        <table name="Thirdyr">
            <column name="Regno">102</column>
            <column name="Name">SELVA GANESH N M</column>
            <column name="CS2301">E</column>
            <column name="CS2302">U</column>
            <column name="CS2303">U</column>
            <column name="CS2304">U</column>
            <column name="CS2305">U</column>
            <column name="CS2307">C</column>
            <column name="CS2308">A</column>
            <column name="CS2309">A</column>
            <column name="MA2265">C</column>
        </table>
        <table name="Thirdyr">
            <column name="Regno">103</column>
            <column name="Name">SHAIK SHAHNOOR</column>
            <column name="CS2301">E</column>
            <column name="CS2302">U</column>
            <column name="CS2303">U</column>
            <column name="CS2304">U</column>
            <column name="CS2305">E</column>
            <column name="CS2307">A</column>
            <column name="CS2308">A</column>
            <column name="CS2309">A</column>
            <column name="MA2265">E</column>
        </table>
        <table name="Thirdyr">
            <column name="Regno">104</column>
            <column name="Name">SIDHARTH S P</column>
            <column name="CS2301">U</column>
            <column name="CS2302">U</column>
            <column name="CS2303">U</column>
            <column name="CS2304">U</column>
            <column name="CS2305">U</column>
            <column name="CS2307">C</column>
            <column name="CS2308">A</column>
            <column name="CS2309">A</column>
            <column name="MA2265">U</column>
        </table>
        <table name="Thirdyr">
            <column name="Regno">105</column>
            <column name="Name">SRIJA R</column>
            <column name="CS2301">B</column>
            <column name="CS2302">C</column>
            <column name="CS2303">C</column>
            <column name="CS2304">B</column>
            <column name="CS2305">B</column>
            <column name="CS2307">S</column>
            <column name="CS2308">S</column>
            <column name="CS2309">S</column>
            <column name="MA2265">A</column>
        </table>
        <table name="Thirdyr">
            <column name="Regno">106</column>
            <column name="Name">SRIRAM V</column>
            <column name="CS2301">U</column>
            <column name="CS2302">C</column>
            <column name="CS2303">D</column>
            <column name="CS2304">C</column>
            <column name="CS2305">B</column>
            <column name="CS2307">A</column>
            <column name="CS2308">A</column>
            <column name="CS2309">S</column>
            <column name="MA2265">D</column>
        </table>
        <table name="Thirdyr">
            <column name="Regno">107</column>
            <column name="Name">SRI VIDHYA C M V</column>
            <column name="CS2301">C</column>
            <column name="CS2302">C</column>
            <column name="CS2303">B</column>
            <column name="CS2304">A</column>
            <column name="CS2305">B</column>
            <column name="CS2307">S</column>
            <column name="CS2308">S</column>
            <column name="CS2309">S</column>
            <column name="MA2265">C</column>
        </table>
        <table name="Thirdyr">
            <column name="Regno">108</column>
            <column name="Name">SWEATHA A</column>
            <column name="CS2301">C</column>
            <column name="CS2302">C</column>
            <column name="CS2303">C</column>
            <column name="CS2304">A</column>
            <column name="CS2305">B</column>
            <column name="CS2307">S</column>
            <column name="CS2308">S</column>
            <column name="CS2309">S</column>
            <column name="MA2265">B</column>
        </table>
        <table name="Thirdyr">
            <column name="Regno">109</column>
            <column name="Name">SWETHA B</column>
            <column name="CS2301">C</column>
            <column name="CS2302">B</column>
            <column name="CS2303">C</column>
            <column name="CS2304">B</column>
            <column name="CS2305">B</column>
            <column name="CS2307">S</column>
            <column name="CS2308">S</column>
            <column name="CS2309">S</column>
            <column name="MA2265">A</column>
        </table>
        <table name="Thirdyr">
            <column name="Regno">110</column>
            <column name="Name">TAMBI KAVYA</column>
            <column name="CS2301">D</column>
            <column name="CS2302">U</column>
            <column name="CS2303">E</column>
            <column name="CS2304">C</column>
            <column name="CS2305">E</column>
            <column name="CS2307">A</column>
            <column name="CS2308">A</column>
            <column name="CS2309">S</column>
            <column name="MA2265">E</column>
        </table>
        <table name="Thirdyr">
            <column name="Regno">111</column>
            <column name="Name">THENMOZHI S</column>
            <column name="CS2301">C</column>
            <column name="CS2302">D</column>
            <column name="CS2303">C</column>
            <column name="CS2304"></column>
            <column name="CS2305">C</column>
            <column name="CS2307">C</column>
            <column name="CS2308">A</column>
            <column name="CS2309">S</column>
            <column name="MA2265">S</column>
        </table>
        <table name="Thirdyr">
            <column name="Regno">112</column>
            <column name="Name">UMA MAHESWARI B</column>
            <column name="CS2301">B</column>
            <column name="CS2302">B</column>
            <column name="CS2303">C</column>
            <column name="CS2304"></column>
            <column name="CS2305">B</column>
            <column name="CS2307">C</column>
            <column name="CS2308">S</column>
            <column name="CS2309">S</column>
            <column name="MA2265">S</column>
        </table>
        <table name="Thirdyr">
            <column name="Regno">113</column>
            <column name="Name">VAIIBHAV K S</column>
            <column name="CS2301">U</column>
            <column name="CS2302">E</column>
            <column name="CS2303">E</column>
            <column name="CS2304"></column>
            <column name="CS2305">D</column>
            <column name="CS2307">U</column>
            <column name="CS2308">C</column>
            <column name="CS2309">A</column>
            <column name="MA2265">A</column>
        </table>
        <table name="Thirdyr">
            <column name="Regno">114</column>
            <column name="Name">VAMSEE G</column>
            <column name="CS2301">E</column>
            <column name="CS2302">U</column>
            <column name="CS2303">E</column>
            <column name="CS2304"></column>
            <column name="CS2305">U</column>
            <column name="CS2307">U</column>
            <column name="CS2308">B</column>
            <column name="CS2309">A</column>
            <column name="MA2265">S</column>
        </table>
        <table name="Thirdyr">
            <column name="Regno">115</column>
            <column name="Name">VANATHI N</column>
            <column name="CS2301">C</column>
            <column name="CS2302">C</column>
            <column name="CS2303">D</column>
            <column name="CS2304"></column>
            <column name="CS2305">B</column>
            <column name="CS2307">B</column>
            <column name="CS2308">S</column>
            <column name="CS2309">S</column>
            <column name="MA2265">S</column>
        </table>
        <table name="Thirdyr">
            <column name="Regno">116</column>
            <column name="Name">VAVILETI SAHITHI</column>
            <column name="CS2301">C</column>
            <column name="CS2302">C</column>
            <column name="CS2303">D</column>
            <column name="CS2304"></column>
            <column name="CS2305">C</column>
            <column name="CS2307">B</column>
            <column name="CS2308">S</column>
            <column name="CS2309">S</column>
            <column name="MA2265">S</column>
        </table>
        <table name="Thirdyr">
            <column name="Regno">117</column>
            <column name="Name">VEMASANI PEDDA</column>
            <column name="CS2301">E</column>
            <column name="CS2302">U</column>
            <column name="CS2303">U</column>
            <column name="CS2304"></column>
            <column name="CS2305">U</column>
            <column name="CS2307">U</column>
            <column name="CS2308">C</column>
            <column name="CS2309">A</column>
            <column name="MA2265">A</column>
        </table>
        <table name="Thirdyr">
            <column name="Regno">118</column>
            <column name="Name">SANDEEP</column>
            <column name="CS2301"></column>
            <column name="CS2302"></column>
            <column name="CS2303"></column>
            <column name="CS2304"></column>
            <column name="CS2305"></column>
            <column name="CS2307"></column>
            <column name="CS2308"></column>
            <column name="CS2309"></column>
            <column name="MA2265"></column>
        </table>
        <table name="Thirdyr">
            <column name="Regno">119</column>
            <column name="Name">VIGNESH ADITHYA K L</column>
            <column name="CS2301">U</column>
            <column name="CS2302">U</column>
            <column name="CS2303">E</column>
            <column name="CS2304"></column>
            <column name="CS2305">D</column>
            <column name="CS2307">D</column>
            <column name="CS2308">A</column>
            <column name="CS2309">A</column>
            <column name="MA2265">A</column>
        </table>
        <table name="Thirdyr">
            <column name="Regno">120</column>
            <column name="Name">VIGNESHWAR R</column>
            <column name="CS2301">E</column>
            <column name="CS2302">U</column>
            <column name="CS2303">E</column>
            <column name="CS2304"></column>
            <column name="CS2305">U</column>
            <column name="CS2307">E</column>
            <column name="CS2308">B</column>
            <column name="CS2309">A</column>
            <column name="MA2265">A</column>
        </table>
        <table name="Thirdyr">
            <column name="Regno">121</column>
            <column name="Name">VIJAYAN S</column>
            <column name="CS2301">E</column>
            <column name="CS2302">U</column>
            <column name="CS2303">E</column>
            <column name="CS2304"></column>
            <column name="CS2305">U</column>
            <column name="CS2307">U</column>
            <column name="CS2308">C</column>
            <column name="CS2309">A</column>
            <column name="MA2265">A</column>
        </table>
        <table name="Thirdyr">
            <column name="Regno">122</column>
            <column name="Name">YUVASRI B</column>
            <column name="CS2301">C</column>
            <column name="CS2302">C</column>
            <column name="CS2303">E</column>
            <column name="CS2304"></column>
            <column name="CS2305">B</column>
            <column name="CS2307">B</column>
            <column name="CS2308">S</column>
            <column name="CS2309">S</column>
            <column name="MA2265">S</column>
        </table>
        <table name="Thirdyr">
            <column name="Regno">123</column>
            <column name="Name">ARUN G</column>
            <column name="CS2301">U</column>
            <column name="CS2302">U</column>
            <column name="CS2303">U</column>
            <column name="CS2304"></column>
            <column name="CS2305">U</column>
            <column name="CS2307">U</column>
            <column name="CS2308">C</column>
            <column name="CS2309">A</column>
            <column name="MA2265">A</column>
        </table>
        <table name="Thirdyr">
            <column name="Regno">124</column>
            <column name="Name">BALAJI S</column>
            <column name="CS2301">U</column>
            <column name="CS2302">E</column>
            <column name="CS2303">U</column>
            <column name="CS2304"></column>
            <column name="CS2305">U</column>
            <column name="CS2307">C</column>
            <column name="CS2308">B</column>
            <column name="CS2309">A</column>
            <column name="MA2265">A</column>
        </table>
        <table name="Thirdyr">
            <column name="Regno">125</column>
            <column name="Name">DHILIP KUMAR M S</column>
            <column name="CS2301">U</column>
            <column name="CS2302">U</column>
            <column name="CS2303">U</column>
            <column name="CS2304"></column>
            <column name="CS2305">U</column>
            <column name="CS2307">E</column>
            <column name="CS2308">A</column>
            <column name="CS2309">A</column>
            <column name="MA2265">S</column>
        </table>
        <table name="Thirdyr">
            <column name="Regno">126</column>
            <column name="Name">FAZLUL RAHMAN A</column>
            <column name="CS2301">U</column>
            <column name="CS2302">U</column>
            <column name="CS2303">U</column>
            <column name="CS2304"></column>
            <column name="CS2305">U</column>
            <column name="CS2307">C</column>
            <column name="CS2308">B</column>
            <column name="CS2309">A</column>
            <column name="MA2265">A</column>
        </table>
        <table name="Thirdyr">
            <column name="Regno">127</column>
            <column name="Name">HAREESH K N</column>
            <column name="CS2301">U</column>
            <column name="CS2302">E</column>
            <column name="CS2303">U</column>
            <column name="CS2304"></column>
            <column name="CS2305">U</column>
            <column name="CS2307">E</column>
            <column name="CS2308">A</column>
            <column name="CS2309">A</column>
            <column name="MA2265">A</column>
        </table>
        <table name="Thirdyr">
            <column name="Regno">128</column>
            <column name="Name">LOGESHWARAN S P</column>
            <column name="CS2301">U</column>
            <column name="CS2302">U</column>
            <column name="CS2303">U</column>
            <column name="CS2304"></column>
            <column name="CS2305">U</column>
            <column name="CS2307">E</column>
            <column name="CS2308">S</column>
            <column name="CS2309">A</column>
            <column name="MA2265">S</column>
        </table>
        <table name="Thirdyr">
            <column name="Regno">129</column>
            <column name="Name">PRAVEEN KUMAR B</column>
            <column name="CS2301">U</column>
            <column name="CS2302">U</column>
            <column name="CS2303">U</column>
            <column name="CS2304"></column>
            <column name="CS2305">U</column>
            <column name="CS2307">U</column>
            <column name="CS2308">C</column>
            <column name="CS2309">B</column>
            <column name="MA2265">A</column>
        </table>
        <table name="Thirdyr">
            <column name="Regno">130</column>
            <column name="Name">SIVARAMAKRISHNAN S</column>
            <column name="CS2301">D</column>
            <column name="CS2302">U</column>
            <column name="CS2303">D</column>
            <column name="CS2304"></column>
            <column name="CS2305">D</column>
            <column name="CS2307">D</column>
            <column name="CS2308">A</column>
            <column name="CS2309">A</column>
            <column name="MA2265">A</column>
        </table>
        <table name="Thirdyr">
            <column name="Regno">131</column>
            <column name="Name">SUTHAKAR T</column>
            <column name="CS2301">U</column>
            <column name="CS2302">U</column>
            <column name="CS2303">U</column>
            <column name="CS2304"></column>
            <column name="CS2305">U</column>
            <column name="CS2307">U</column>
            <column name="CS2308">C</column>
            <column name="CS2309">B</column>
            <column name="MA2265">A</column>
        </table>
        <table name="Thirdyr">
            <column name="Regno">132</column>
            <column name="Name">VINOTH KUMAR E</column>
            <column name="CS2301">U</column>
            <column name="CS2302">U</column>
            <column name="CS2303">U</column>
            <column name="CS2304"></column>
            <column name="CS2305">U</column>
            <column name="CS2307">U</column>
            <column name="CS2308">C</column>
            <column name="CS2309">A</column>
            <column name="MA2265">A</column>
        </table>
    </database>
</pma_xml_export>